City_ID,City,Lat,Lng,Max Temp,Humidity,Cloudiness,Wind Speed,Country,Date
0,Vaini,-21.2,-175.2,75.36,88,75,5.75,TO,2022-10-03 15:41:19
1,Bluff,-46.6,168.3333,43.5,77,69,20.33,NZ,2022-10-03 15:41:19
2,Ichnya,50.8626,32.3942,49.14,79,100,19.73,UA,2022-10-03 15:41:20
3,Lisakovsk,52.5369,62.4936,43.97,27,9,6.4,KZ,2022-10-03 15:41:20
4,Atuona,-9.8,-139.0333,76.41,70,15,18.14,PF,2022-10-03 15:41:23
5,Tiksi,71.6872,128.8694,19.44,94,97,9.95,RU,2022-10-03 15:41:24
6,Bethel,41.3712,-73.414,51.89,69,0,13.8,US,2022-10-03 15:41:24
7,Ushuaia,-54.8,-68.3,47.82,70,0,3.44,AR,2022-10-03 15:41:25
8,Albany,42.6001,-73.9662,51.89,60,95,5.95,US,2022-10-03 15:37:00
9,North Bend,43.4065,-124.2243,56.91,96,100,5.75,US,2022-10-03 15:41:25
10,Kalengwa,-13.4659,25.0027,86.85,11,2,6.82,ZM,2022-10-03 15:41:26
11,Fougamou,-1.2154,10.5838,78.84,91,55,2.82,GA,2022-10-03 15:41:26
12,Avarua,-21.2078,-159.775,73.45,73,40,14.97,CK,2022-10-03 15:41:27
13,Talnakh,69.4865,88.3972,33.21,96,100,15.35,RU,2022-10-03 15:41:27
14,Cape Town,-33.9258,18.4232,66.11,60,40,11.5,ZA,2022-10-03 15:36:44
15,Realeza,-25.7689,-53.5325,77.13,48,0,3.36,BR,2022-10-03 15:41:27
16,Faro,37.0194,-7.9322,74.17,83,0,6.91,PT,2022-10-03 15:41:28
17,Lahaina,20.8783,-156.6825,78.8,97,67,9.73,US,2022-10-03 15:41:28
18,Georgetown,5.4112,100.3354,80.53,87,40,2.3,MY,2022-10-03 15:37:21
19,Barrow,71.2906,-156.7887,24.82,86,100,20.71,US,2022-10-03 15:41:28
20,Lata,40.1629,-8.3327,85.91,32,3,9.84,PT,2022-10-03 15:41:29
21,Hobart,-42.8794,147.3294,47.26,80,82,4.61,AU,2022-10-03 15:37:07
22,Busselton,-33.65,115.3333,49.46,71,0,11.34,AU,2022-10-03 15:41:29
23,Port Alfred,-33.5906,26.891,63.18,81,67,8.01,ZA,2022-10-03 15:41:30
24,Chokurdakh,70.6333,147.9167,21.33,95,100,7.58,RU,2022-10-03 15:41:30
25,Port Hedland,-20.3167,118.5667,71.65,78,0,6.91,AU,2022-10-03 15:41:30
26,Butaritari,3.0707,172.7902,81.25,72,10,12.03,KI,2022-10-03 15:41:31
27,New Norfolk,-42.7826,147.0587,46.92,66,71,2.57,AU,2022-10-03 15:41:31
28,Saint-Joseph,-21.3667,55.6167,71.98,77,81,6.87,RE,2022-10-03 15:41:32
29,Mar Del Plata,-38.0023,-57.5575,56.95,71,0,16.11,AR,2022-10-03 15:41:32
30,Tahoua,14.8888,5.2692,94.98,46,0,9.22,NE,2022-10-03 15:41:32
31,Mataura,-46.1927,168.8643,31.75,95,20,2.84,NZ,2022-10-03 15:41:34
32,Ushtobe,45.2514,77.9838,49.46,30,87,8.68,KZ,2022-10-03 15:41:34
33,Hilo,19.7297,-155.09,80.28,86,0,5.75,US,2022-10-03 15:41:35
34,Praia Da Vitoria,38.7333,-27.0667,76.75,88,40,5.48,PT,2022-10-03 15:41:35
35,Dubbo,-32.25,148.6167,50.13,76,31,6.91,AU,2022-10-03 15:41:35
36,Punta Arenas,-53.15,-70.9167,46.42,76,75,6.91,CL,2022-10-03 15:41:36
37,Dryden,49.7833,-92.7503,57.49,82,75,11.5,CA,2022-10-03 15:41:36
38,San Carlos De Bariloche,-41.1456,-71.3082,58.44,40,75,2.3,AR,2022-10-03 15:40:15
39,Saldanha,-33.0117,17.9442,66.25,71,90,12.53,ZA,2022-10-03 15:41:37
40,Plastun,44.7561,136.2939,57.9,96,100,3.44,RU,2022-10-03 15:41:37
41,Rikitea,-23.1203,-134.9692,71.35,79,57,17.27,PF,2022-10-03 15:41:37
42,Ponta Do Sol,32.6667,-17.1,78.71,78,100,2.71,PT,2022-10-03 15:41:38
43,Birao,10.2849,22.7882,81.16,70,24,4.43,CF,2022-10-03 15:41:38
44,Adrar,20.5022,-10.0711,99.54,20,85,9.71,MR,2022-10-03 15:41:39
45,Tasiilaq,65.6145,-37.6368,35.76,99,100,10.04,GL,2022-10-03 15:42:39
46,Meulaboh,4.1363,96.1285,75.09,92,100,3.91,ID,2022-10-03 15:42:40
47,Jamestown,42.097,-79.2353,54.18,47,0,8.05,US,2022-10-03 15:41:21
48,Severo-Kurilsk,50.6789,156.125,48.74,86,70,7.27,RU,2022-10-03 15:42:41
49,Nizhnyaya Tavda,57.6731,66.1725,48.79,53,100,13.13,RU,2022-10-03 15:42:44
50,San Quintin,30.4833,-115.95,69.22,81,98,11.3,MX,2022-10-03 15:42:44
51,Ucluelet,48.9329,-125.5528,55.09,93,10,4.56,CA,2022-10-03 15:42:45
52,Saskylakh,71.9167,114.0833,12.81,98,96,5.44,RU,2022-10-03 15:42:45
53,Kodiak,57.79,-152.4072,36.91,93,20,4.61,US,2022-10-03 15:42:45
54,Sabang,5.8933,95.3214,81.19,77,100,12.93,ID,2022-10-03 15:42:46
55,Arraial Do Cabo,-22.9661,-42.0278,71.56,78,75,8.05,BR,2022-10-03 15:42:46
56,Bredasdorp,-34.5322,20.0403,61.14,60,54,17.38,ZA,2022-10-03 15:42:47
57,Sungairaya,0.7,108.9,77.38,88,100,1.9,ID,2022-10-03 15:42:47
58,Saint-Georges,12.0564,-61.7485,87.48,74,75,20.71,GD,2022-10-03 15:40:40
59,Hasaki,35.7333,140.8333,68.4,73,5,11.36,JP,2022-10-03 15:42:47
60,Coquimbo,-29.9533,-71.3436,56.93,88,40,6.91,CL,2022-10-03 15:42:48
61,Portland,45.5234,-122.6762,63.28,93,100,3.44,US,2022-10-03 15:38:52
62,Tecoanapa,16.5167,-98.75,83.34,66,100,4.03,MX,2022-10-03 15:42:48
63,Constitucion,-35.3333,-72.4167,56.95,66,100,8.25,CL,2022-10-03 15:42:49
64,Molochnoye,59.2917,39.6787,56.44,86,100,16.37,RU,2022-10-03 15:42:50
65,Ancud,-41.8697,-73.8203,51.91,68,100,9.89,CL,2022-10-03 15:42:50
66,Port-Cartier,50.0334,-66.8654,48.74,37,24,9.08,CA,2022-10-03 15:42:50
67,Lebu,-37.6167,-73.65,55.99,59,100,8.84,CL,2022-10-03 15:42:51
68,Colquechaca,-18.6667,-66.0167,47.79,29,75,6.38,BO,2022-10-03 15:42:51
69,Isangel,-19.55,169.2667,73.24,87,95,9.31,VU,2022-10-03 15:42:51
70,Bonavista,48.6499,-53.1147,46.31,52,62,14.9,CA,2022-10-03 15:42:52
71,Puerto Ayora,-0.7393,-90.3518,69.76,99,94,5.99,EC,2022-10-03 15:42:52
72,Urumqi,43.801,87.6005,43.75,42,0,4.47,CN,2022-10-03 15:42:53
73,Uyuni,-20.4597,-66.825,56.73,12,0,20.58,BO,2022-10-03 15:42:53
74,Tuktoyaktuk,69.4541,-133.0374,24.8,86,100,13.8,CA,2022-10-03 15:42:54
75,Aasiaat,68.7098,-52.8699,29.88,81,31,4.81,GL,2022-10-03 15:42:54
76,Torbay,47.6666,-52.7314,51.89,57,75,14.97,CA,2022-10-03 15:42:54
77,La Libertad,-2.2333,-80.9,69.46,83,100,6.91,EC,2022-10-03 15:38:17
78,Thompson,55.7435,-97.8558,48.36,61,40,13.8,CA,2022-10-03 15:42:55
79,Bengkulu,-3.8004,102.2655,77.4,87,100,0.76,ID,2022-10-03 15:42:55
80,Qena,26.1615,32.7183,93.56,12,0,4.0,EG,2022-10-03 15:42:55
81,Sola,-13.8833,167.55,79.65,75,81,9.37,VU,2022-10-03 15:42:56
82,Ahipara,-35.1667,173.1667,54.18,73,81,11.03,NZ,2022-10-03 15:42:56
83,Sidrolandia,-20.9319,-54.9614,84.42,43,72,5.41,BR,2022-10-03 15:42:57
84,Gamboma,-1.8764,15.8644,74.34,87,99,3.53,CG,2022-10-03 15:42:58
85,Yellowknife,62.456,-114.3525,36.12,87,75,10.36,CA,2022-10-03 15:39:10
86,Khatanga,71.9667,102.5,12.34,94,99,6.15,RU,2022-10-03 15:42:58
87,Vila Franca Do Campo,37.7167,-25.4333,72.01,83,21,11.7,PT,2022-10-03 15:42:59
88,Kapaa,22.0752,-159.319,73.38,81,40,6.91,US,2022-10-03 15:42:59
89,Hermanus,-34.4187,19.2345,62.8,68,29,15.66,ZA,2022-10-03 15:42:59
90,Las Palmas,28.4204,-14.0131,75.99,69,0,10.36,ES,2022-10-03 15:43:00
91,Padang,-0.9492,100.3543,75.25,85,91,3.6,ID,2022-10-03 15:43:00
92,Codrington,-38.2667,141.9667,51.37,92,100,10.98,AU,2022-10-03 15:43:00
93,Cabo San Lucas,22.8909,-109.9124,86.5,62,32,1.99,MX,2022-10-03 15:43:01
94,Port Hardy,50.6996,-127.4199,48.38,100,75,3.44,CA,2022-10-03 15:44:01
95,Komsomolskiy,40.4272,71.7189,68.72,42,89,2.3,UZ,2022-10-03 15:44:02
96,Tim,51.6222,37.1244,49.42,79,88,17.47,RU,2022-10-03 15:44:02
97,Macapa,0.0389,-51.0664,93.18,59,40,9.22,BR,2022-10-03 15:40:39
98,Laguna,38.421,-121.4238,68.02,81,0,5.75,US,2022-10-03 15:44:03
99,Fukue,32.6881,128.8419,77.36,86,48,15.43,JP,2022-10-03 15:44:03
100,Vila Velha,-20.3297,-40.2925,80.55,86,20,11.5,BR,2022-10-03 15:42:54
101,Fairbanks,64.8378,-147.7164,40.08,90,100,8.05,US,2022-10-03 15:41:40
102,Cherskiy,68.75,161.3,25.41,78,100,8.21,RU,2022-10-03 15:44:04
103,Riviere-Au-Renard,48.9957,-64.3971,52.09,47,7,10.29,CA,2022-10-03 15:44:04
104,Airai,-8.9266,125.4092,62.71,95,95,0.51,TL,2022-10-03 15:44:05
105,Upernavik,72.7868,-56.1549,21.96,75,100,6.91,GL,2022-10-03 15:44:05
106,Gimli,50.6336,-96.9907,53.62,94,88,5.75,CA,2022-10-03 15:41:41
107,Mendeleyevo,56.0333,37.2167,49.69,69,75,17.9,RU,2022-10-03 15:44:05
108,Nguruka,-5.1092,31.0419,81.79,19,61,4.29,TZ,2022-10-03 15:44:06
109,Pangai,-19.8,-174.35,76.71,80,40,16.89,TO,2022-10-03 15:44:06
110,Nantucket,41.2835,-70.0995,56.08,77,98,31.63,US,2022-10-03 15:44:07
111,Tura,25.5198,90.2201,73.04,96,100,3.04,IN,2022-10-03 15:44:07
112,Naze,28.3667,129.4833,76.37,81,23,9.66,JP,2022-10-03 15:44:07
113,Davila,18.4726,120.5763,78.78,81,7,11.79,PH,2022-10-03 15:44:08
114,Yetkul,54.8221,61.588,46.45,47,94,8.59,RU,2022-10-03 15:44:08
115,Bambous Virieux,-20.3428,57.7575,72.21,78,75,13.8,MU,2022-10-03 15:44:09
116,Zharkent,44.1628,80.0,59.67,26,98,5.32,KZ,2022-10-03 15:44:09
117,Robertsport,6.7533,-11.3686,79.03,82,75,11.07,LR,2022-10-03 15:44:10
118,Dikson,73.5069,80.5464,32.94,99,100,14.14,RU,2022-10-03 15:44:10
119,Norman Wells,65.282,-126.8329,32.04,100,100,2.3,CA,2022-10-03 15:44:10
120,Darnah,32.767,22.6367,75.31,72,0,22.15,LY,2022-10-03 15:44:11
121,Caravelas,-17.7125,-39.2481,83.66,60,77,11.32,BR,2022-10-03 15:44:11
122,Rio Gallegos,-51.6226,-69.2181,51.85,50,0,3.44,AR,2022-10-03 15:44:11
123,Pondicherry,11.93,79.83,84.76,61,95,4.99,IN,2022-10-03 15:44:12
124,Castro,-24.7911,-50.0119,63.27,84,99,3.87,BR,2022-10-03 15:44:12
125,Victoria,22.2855,114.1577,85.32,80,6,5.01,HK,2022-10-03 15:44:12
126,Okhotsk,59.3833,143.3,34.29,68,97,3.89,RU,2022-10-03 15:44:13
127,Qaanaaq,77.484,-69.3632,13.23,68,99,7.31,GL,2022-10-03 15:44:13
128,Thalheim,50.7,12.85,56.71,79,100,8.34,DE,2022-10-03 15:44:14
129,Lingyuan,41.24,119.4011,37.96,35,20,19.37,CN,2022-10-03 15:44:14
130,Longyearbyen,78.2186,15.6401,39.04,75,75,8.05,SJ,2022-10-03 15:44:14
131,Lavrentiya,65.5833,-171.0,34.84,78,9,6.2,RU,2022-10-03 15:44:15
132,Vagur,61.4732,-6.8119,50.59,93,100,23.11,FO,2022-10-03 15:44:15
133,Bogorodskoye,56.55,37.8833,47.28,80,98,16.31,RU,2022-10-03 15:44:16
134,San Francisco,37.7749,-122.4194,63.84,86,20,5.01,US,2022-10-03 15:39:46
135,Arman,59.7,150.1667,29.73,62,91,8.34,RU,2022-10-03 15:44:16
136,Hofn,64.2539,-15.2082,50.02,93,100,3.44,IS,2022-10-03 15:44:17
137,Clyde River,70.4692,-68.5914,32.23,80,100,4.61,CA,2022-10-03 15:44:17
138,Yulara,-25.2406,130.9889,62.33,67,0,9.26,AU,2022-10-03 15:44:18
139,Tazmalt,36.3868,4.3989,86.11,31,100,3.96,DZ,2022-10-03 15:44:19
140,Provideniya,64.3833,-173.3,35.35,83,74,8.41,RU,2022-10-03 15:44:20
141,Esperance,-33.8667,121.9,53.44,89,100,16.17,AU,2022-10-03 15:44:20
142,Matagami,49.7502,-77.6328,50.11,50,0,9.22,CA,2022-10-03 15:45:21
143,Nisia Floresta,-6.0911,-35.2086,88.18,47,13,14.76,BR,2022-10-03 15:45:22
144,Chara,56.9064,118.2631,18.63,79,55,3.6,RU,2022-10-03 15:45:23
145,Ilulissat,69.2167,-51.1,33.82,69,40,6.91,GL,2022-10-03 15:44:14
146,Margate,51.3813,1.3862,61.88,64,100,3.0,GB,2022-10-03 15:45:24
147,Sisophon,13.5859,102.9737,75.07,93,97,2.19,KH,2022-10-03 15:45:25
148,Faanui,-16.4833,-151.75,78.46,75,5,16.67,PF,2022-10-03 15:45:25
149,Joshimath,30.5667,79.5667,63.27,74,20,3.51,IN,2022-10-03 15:45:29
150,Teguise,29.0605,-13.564,77.22,61,0,12.66,ES,2022-10-03 15:45:29
151,Saint-Raphael,19.4333,-72.2,86.68,51,100,3.4,HT,2022-10-03 15:45:30
152,Halifax,44.6453,-63.5724,56.68,47,20,9.22,CA,2022-10-03 15:41:30
153,Oktyabrskiy,54.4815,53.471,54.63,41,14,12.26,RU,2022-10-03 15:45:30
154,San Rafael,-34.6177,-68.3301,77.5,25,60,18.52,AR,2022-10-03 15:43:00
155,Eureka,40.8021,-124.1637,56.25,83,3,1.3,US,2022-10-03 15:45:06
156,Chuy,-33.6971,-53.4616,61.03,55,18,12.88,UY,2022-10-03 15:45:31
157,Saint-Philippe,-21.3585,55.7679,72.99,77,61,9.13,RE,2022-10-03 15:45:31
158,Nurobod,40.9056,69.8023,60.55,32,40,4.12,UZ,2022-10-03 15:45:32
159,Panubigan,7.4281,123.3466,78.98,82,99,3.38,PH,2022-10-03 15:45:32
160,Marawi,7.9986,124.2928,68.05,91,100,2.21,PH,2022-10-03 15:45:33
161,Port-Gentil,-0.7193,8.7815,82.36,74,40,12.66,GA,2022-10-03 15:45:33
162,Goure,13.9835,10.2704,101.5,12,78,10.8,NE,2022-10-03 15:45:33
163,Lorengau,-2.0226,147.2712,81.61,75,83,6.82,PG,2022-10-03 15:45:34
164,Adre,13.4667,22.2,77.99,53,97,4.59,TD,2022-10-03 15:45:34
165,Hobyo,5.3505,48.5268,77.29,79,55,23.22,SO,2022-10-03 15:45:35
166,Ariquemes,-9.9133,-63.0408,95.32,41,30,1.5,BR,2022-10-03 15:45:35
167,Khash,28.2211,61.2158,72.82,18,0,8.46,IR,2022-10-03 15:45:35
168,Aswan,24.0934,32.907,105.1,11,0,4.61,EG,2022-10-03 15:45:36
169,Bela Vista,-22.1089,-56.5211,82.9,39,59,4.68,BR,2022-10-03 15:45:36
170,Masuguru,-11.3667,38.4167,88.56,21,2,6.04,TZ,2022-10-03 15:45:36
171,Nikolskoye,59.7035,30.7861,44.49,93,100,18.16,RU,2022-10-03 15:45:37
172,Bataipora,-22.2953,-53.2711,80.4,54,79,5.99,BR,2022-10-03 15:45:37
173,Coripata,-16.3,-67.6,68.61,76,93,3.44,BO,2022-10-03 15:45:38
174,Nicoya,10.1483,-85.452,82.92,74,96,5.61,CR,2022-10-03 15:45:38
175,Arcachon,44.5875,-1.0519,76.41,50,0,9.22,FR,2022-10-03 15:45:38
176,Sao Filipe,14.8961,-24.4956,79.97,78,69,11.83,CV,2022-10-03 15:45:39
177,East London,-33.0153,27.9116,65.34,72,20,17.27,ZA,2022-10-03 15:42:19
178,Ostrovnoy,68.0531,39.5131,42.98,92,99,10.69,RU,2022-10-03 15:45:39
179,Klaksvik,62.2266,-6.589,50.92,90,100,20.71,FO,2022-10-03 15:45:40
180,Jagatsinghapur,20.2667,86.1667,80.96,90,100,5.95,IN,2022-10-03 15:45:40
181,Pochutla,15.7432,-96.4661,85.82,67,49,4.29,MX,2022-10-03 15:45:40
182,Grindavik,63.8424,-22.4338,49.95,76,75,8.05,IS,2022-10-03 15:45:41
183,Solnechnyy,50.7214,136.6319,34.7,97,100,6.15,RU,2022-10-03 15:45:41
184,Gorontalo,0.5412,123.0595,75.16,94,85,2.73,ID,2022-10-03 15:45:42
185,Bend,44.0582,-121.3153,67.46,54,0,5.75,US,2022-10-03 15:45:05
186,Nemuro,43.3236,145.575,64.89,84,98,20.92,JP,2022-10-03 15:46:42
187,Brigantine,39.4101,-74.3646,55.02,89,100,20.0,US,2022-10-03 15:46:43
188,Half Moon Bay,37.4636,-122.4286,64.47,85,0,0.0,US,2022-10-03 15:45:30
189,Hay River,60.8156,-115.7999,42.78,65,75,8.05,CA,2022-10-03 15:46:43
190,Carndonagh,55.25,-7.2667,60.42,87,100,17.52,IE,2022-10-03 15:46:44
191,Hithadhoo,-0.6,73.0833,82.27,68,84,12.84,MV,2022-10-03 15:46:44
192,Sakakah,29.9697,40.2064,94.57,14,0,9.28,SA,2022-10-03 15:46:45
193,Pangkalanbuun,-2.6833,111.6167,73.94,97,98,0.36,ID,2022-10-03 15:46:46
194,Rafaela,-31.2503,-61.4867,82.0,24,4,5.99,AR,2022-10-03 15:46:47
195,Ranong,9.9658,98.6348,76.93,85,100,2.75,TH,2022-10-03 15:46:47
196,Praya,14.9215,-23.5087,81.14,78,75,16.11,CV,2022-10-03 15:46:49
197,Kavaratti,10.5669,72.642,81.73,77,100,16.84,IN,2022-10-03 15:46:49
198,Port Elizabeth,-33.918,25.5701,65.1,79,20,23.02,ZA,2022-10-03 15:46:51
199,Areka,7.0667,37.7,62.35,87,96,3.22,ET,2022-10-03 15:46:52
200,Kurumkan,54.3,110.3,26.19,72,76,3.22,RU,2022-10-03 15:46:53
201,Bud,39.447,-86.1758,60.85,68,0,10.58,US,2022-10-03 15:46:53
202,Saint-Pierre,-21.3393,55.4781,73.08,73,75,8.05,RE,2022-10-03 15:46:55
203,High Level,58.5169,-117.136,30.31,93,40,2.3,CA,2022-10-03 15:45:06
204,Pevek,69.7008,170.3133,28.45,75,100,10.47,RU,2022-10-03 15:46:55
205,Zabol,32.25,67.25,61.83,19,0,9.4,AF,2022-10-03 15:46:56
206,Balezino,57.9796,53.0106,52.07,74,98,9.24,RU,2022-10-03 15:46:56
207,Kahului,20.8947,-156.47,78.82,83,100,8.05,US,2022-10-03 15:46:56
208,Katherine,-14.4667,132.2667,86.32,48,100,5.75,AU,2022-10-03 15:46:57
209,Arvika,59.6553,12.5852,54.21,69,3,4.0,SE,2022-10-03 15:46:58
210,Dingle,10.9995,122.6711,76.91,89,98,5.06,PH,2022-10-03 15:46:58
211,Luderitz,-26.6481,15.1594,66.27,61,0,28.61,NA,2022-10-03 15:47:00
212,Pisco,-13.7,-76.2167,63.01,82,100,6.91,PE,2022-10-03 15:47:00
213,Hambantota,6.1241,81.1185,80.94,83,40,10.36,LK,2022-10-03 15:47:01
214,Leirvik,59.7798,5.5005,61.21,88,75,0.0,NO,2022-10-03 15:47:01
215,Kavieng,-2.5744,150.7967,82.29,73,100,12.86,PG,2022-10-03 15:47:02
216,Nador,35.174,-2.9287,82.47,61,20,11.5,MA,2022-10-03 15:47:02
217,Ilembo,-9.25,33.3833,60.42,40,19,5.1,TZ,2022-10-03 15:47:02
218,Bathsheba,13.2167,-59.5167,86.61,79,40,16.11,BB,2022-10-03 15:47:03
219,Geraldton,-28.7667,114.6,50.41,93,0,4.61,AU,2022-10-03 15:47:03
220,Henties Bay,-22.116,14.2845,59.67,76,1,15.23,NA,2022-10-03 15:47:04
221,Nizwa,22.9333,57.5333,88.83,32,95,5.97,OM,2022-10-03 15:47:04
222,Guangshui,31.6199,113.9978,69.04,79,96,14.7,CN,2022-10-03 15:47:04
223,Tateyama,34.9833,139.8667,75.69,69,22,11.48,JP,2022-10-03 15:47:05
224,Lamu,-2.2717,40.902,79.02,79,87,13.8,KE,2022-10-03 15:47:05
225,Barcelos,41.5388,-8.6151,85.91,37,1,4.88,PT,2022-10-03 15:47:06
226,Scarborough,54.2797,-0.4044,60.37,74,100,1.99,GB,2022-10-03 15:42:10
227,Makakilo City,21.3469,-158.0858,72.99,86,0,6.91,US,2022-10-03 15:48:06
228,Nanortalik,60.1432,-45.2371,37.26,68,89,4.52,GL,2022-10-03 15:48:07
229,Kaitangata,-46.2817,169.8464,35.04,88,1,5.73,NZ,2022-10-03 15:48:07
230,Vanimo,-2.6741,141.3028,78.37,87,61,4.7,PG,2022-10-03 15:48:08
231,Wynyard,-41.0,145.7167,45.99,70,35,9.33,AU,2022-10-03 15:48:08
232,Ribeira Grande,38.5167,-28.7,75.6,78,20,9.22,PT,2022-10-03 15:48:08
233,Sept-Iles,50.2001,-66.3821,49.05,59,20,6.91,CA,2022-10-03 15:48:02
234,Fort Nelson,58.8053,-122.7002,31.59,86,75,4.61,CA,2022-10-03 15:48:09
235,Iqaluit,63.7506,-68.5145,33.53,86,100,24.16,CA,2022-10-03 15:48:09
236,Winsum,53.33,6.5208,62.62,80,100,5.95,NL,2022-10-03 15:48:10
237,Broome,42.2506,-75.833,54.19,63,0,9.22,US,2022-10-03 15:48:10
238,Beyneu,45.3167,55.2,58.87,25,30,19.1,KZ,2022-10-03 15:48:11
239,Denpasar,-8.65,115.2167,74.86,100,75,4.61,ID,2022-10-03 15:48:11
240,Kalmunai,7.4167,81.8167,82.63,70,70,5.55,LK,2022-10-03 15:48:12
241,Bauchi,10.5,10.0,88.66,49,100,5.35,NG,2022-10-03 15:48:12
242,Namibe,-15.1961,12.1522,68.49,80,69,10.27,AO,2022-10-03 15:48:13
243,Salumbar,24.1333,74.05,79.75,52,5,6.38,IN,2022-10-03 15:48:14
244,Prieska,-29.6641,22.7474,82.17,8,83,19.44,ZA,2022-10-03 15:48:15
245,Bundaberg,-24.85,152.35,61.72,64,5,7.47,AU,2022-10-03 15:48:15
246,Fenoarivo,-18.933,47.4354,71.67,43,20,9.22,MG,2022-10-03 15:48:16
247,Mao,39.8885,4.2658,75.76,69,20,4.61,ES,2022-10-03 15:43:26
248,La Ronge,55.1001,-105.2842,48.42,66,20,9.22,CA,2022-10-03 15:45:06
249,Olafsvik,64.8945,-23.7142,47.68,65,95,8.61,IS,2022-10-03 15:48:16
250,Diplo,24.4667,69.584,83.91,57,1,12.44,PK,2022-10-03 15:48:17
251,Bara,10.3744,10.7288,89.58,56,69,4.34,NG,2022-10-03 15:48:17
252,Tazovskiy,67.4667,78.7,36.37,76,100,20.78,RU,2022-10-03 15:48:18
253,Campbellton,48.0075,-66.6727,50.45,36,2,7.7,CA,2022-10-03 15:48:18
254,Carutapera,-1.195,-46.02,81.63,77,89,8.43,BR,2022-10-03 15:48:19
255,Isoka,-10.1606,32.6335,76.6,18,45,5.91,ZM,2022-10-03 15:48:19
256,Plettenberg Bay,-34.0527,23.3716,60.71,81,100,11.41,ZA,2022-10-03 15:48:19
257,Carnarvon,-24.8667,113.6333,67.66,68,0,19.06,AU,2022-10-03 15:48:20
258,Esso,55.9333,158.7,36.1,98,100,1.39,RU,2022-10-03 15:48:20
259,General Roca,-39.0333,-67.5833,82.15,24,100,25.75,AR,2022-10-03 15:48:21
260,Guadalupe Y Calvo,26.1,-106.9667,60.8,61,96,3.2,MX,2022-10-03 15:48:21
261,Alta Floresta,-9.8756,-56.0861,94.82,46,20,4.61,BR,2022-10-03 15:48:22
262,Vardo,70.3705,31.1107,35.58,87,40,2.3,NO,2022-10-03 15:48:22
263,Estelle,29.8458,-90.1067,77.0,58,75,9.22,US,2022-10-03 15:48:23
264,Umm Kaddadah,13.6017,26.6876,94.5,23,41,4.27,SD,2022-10-03 15:48:24
265,Santiago,-33.4569,-70.6483,68.99,69,100,9.22,CL,2022-10-03 15:48:24
266,Lompoc,34.6391,-120.4579,66.78,94,100,3.44,US,2022-10-03 15:48:25
267,Kumluca,36.3703,30.2869,77.05,67,0,5.3,TR,2022-10-03 15:48:25
268,Kultuk,51.7208,103.6956,29.98,80,17,1.5,RU,2022-10-03 15:48:25
269,Ambon,-3.6954,128.1814,78.94,89,20,3.44,ID,2022-10-03 15:48:26
270,Nainpur,22.4333,80.1167,74.84,78,64,4.65,IN,2022-10-03 15:48:26
271,Hami,42.8,93.45,53.01,11,0,6.38,CN,2022-10-03 15:48:27
272,Salinopolis,-0.6136,-47.3561,84.78,68,47,10.49,BR,2022-10-03 15:48:27
273,Sisimiut,66.9395,-53.6735,33.89,75,70,3.06,GL,2022-10-03 15:49:29
274,Acapulco,16.8634,-99.8901,81.73,73,85,4.16,MX,2022-10-03 15:49:29
275,Porto Novo,6.4965,2.6036,82.22,73,91,9.62,BJ,2022-10-03 15:49:29
276,Neiafu,-18.65,-173.9833,77.68,78,40,9.22,TO,2022-10-03 15:49:30
277,Loos,50.6098,3.0187,62.92,67,75,5.75,FR,2022-10-03 15:49:30
278,Saint George,37.1041,-113.5841,66.79,63,40,8.05,US,2022-10-03 15:44:40
279,Synya,65.3718,58.0387,38.05,93,83,4.07,RU,2022-10-03 15:49:31
280,Masallatah,32.6167,14.0,75.22,63,82,16.69,LY,2022-10-03 15:49:31
281,Berlevag,70.8578,29.0864,44.6,87,40,4.61,NO,2022-10-03 15:49:33
282,Dhidhdhoo,6.8833,73.1,82.0,79,97,18.79,MV,2022-10-03 15:49:33
283,Sao Joao Da Barra,-21.6403,-41.0511,75.29,78,100,10.49,BR,2022-10-03 15:49:33
284,Salalah,17.0151,54.0924,78.89,83,75,5.75,OM,2022-10-03 15:49:34
285,Honningsvag,70.9821,25.9704,44.35,81,75,1.14,NO,2022-10-03 15:49:34
286,San Juan,-31.5375,-68.5364,80.35,27,50,15.48,AR,2022-10-03 15:46:40
287,Petropavlovskoye,52.0712,84.107,28.94,89,2,3.67,RU,2022-10-03 15:49:35
288,Douglas,41.3,-96.167,70.32,53,0,11.5,US,2022-10-03 15:47:54
289,Urusha,54.05,122.9,26.49,58,98,6.6,RU,2022-10-03 15:49:35
290,La Romana,18.4273,-68.9728,89.96,70,40,6.91,DO,2022-10-03 15:49:36
291,Caxias,38.7031,-9.2767,82.2,72,0,11.5,PT,2022-10-03 15:49:36
292,Koslan,63.4564,48.8989,40.21,90,94,4.23,RU,2022-10-03 15:49:36
293,Nueve De Julio,-35.4444,-60.8831,69.96,40,7,4.0,AR,2022-10-03 15:49:37
294,Nome,64.5011,-165.4064,42.87,71,100,10.36,US,2022-10-03 15:49:37
295,Santa Cruz,-17.8,-63.1667,86.05,32,75,14.97,BO,2022-10-03 15:47:53
296,Kiunga,-6.1219,141.2906,73.17,99,93,1.95,PG,2022-10-03 15:49:39
297,Saint-Francois,46.4154,3.9054,62.67,72,100,4.61,FR,2022-10-03 15:49:39
298,Bardiyah,31.7561,25.0865,76.69,59,0,20.36,LY,2022-10-03 15:49:40
299,Port Blair,11.6667,92.75,80.64,89,75,2.3,IN,2022-10-03 15:49:40
300,Touros,-5.1989,-35.4608,84.49,55,6,18.3,BR,2022-10-03 15:49:41
301,San Nicolas,18.1725,120.5953,78.71,89,20,3.44,PH,2022-10-03 15:49:41
302,Faya,18.3851,42.4509,69.91,55,100,3.67,SA,2022-10-03 15:49:41
303,Moindou,-21.6924,165.677,69.1,74,100,8.61,NC,2022-10-03 15:49:42
304,Zelenogradsk,54.9589,20.4767,53.96,69,75,20.13,RU,2022-10-03 15:49:42
305,Yichun,47.7,128.9,24.8,95,54,3.69,CN,2022-10-03 15:49:43
306,Ellensburg,46.9965,-120.5479,65.1,81,0,0.0,US,2022-10-03 15:49:44
307,Atambua,-9.1061,124.8925,75.94,86,96,1.28,ID,2022-10-03 15:49:44
308,Rocha,-34.4833,-54.3333,60.39,59,38,13.0,UY,2022-10-03 15:49:44
309,Dhangadhi,28.7079,80.5961,78.49,74,5,4.23,NP,2022-10-03 15:49:45
310,Najran,17.4924,44.1277,84.85,14,5,8.84,SA,2022-10-03 15:49:45
311,Lanigan,51.8501,-105.0344,53.49,59,60,7.72,CA,2022-10-03 15:49:45
312,Karasuyama,36.65,140.15,65.26,90,12,1.68,JP,2022-10-03 15:49:46
313,Daru,-9.0763,143.2092,79.77,85,54,15.48,PG,2022-10-03 15:49:46
314,Camacha,33.0833,-16.3333,72.82,60,20,6.91,PT,2022-10-03 15:49:47
315,Mombaca,-5.7431,-39.6275,97.74,23,9,6.24,BR,2022-10-03 15:49:47
316,Waitati,-45.75,170.5667,37.54,81,1,4.21,NZ,2022-10-03 15:49:48
317,Huron,41.1501,-82.5499,58.68,72,11,12.55,US,2022-10-03 15:49:48
318,Thinadhoo,0.5333,72.9333,82.74,72,100,13.85,MV,2022-10-03 15:49:48
319,Narsaq,60.9167,-46.05,41.22,45,8,4.18,GL,2022-10-03 15:49:49
320,Chanute,37.6792,-95.4572,74.44,43,0,9.22,US,2022-10-03 15:49:49
321,Kem,64.9555,34.5793,41.2,77,99,4.99,RU,2022-10-03 15:50:50
322,Vermilion,40.1667,-87.7506,61.61,54,0,8.05,US,2022-10-03 15:50:50
323,Coihaique,-45.5752,-72.0662,52.41,71,75,4.61,CL,2022-10-03 15:49:20
324,Sligo,54.2697,-8.4694,62.69,100,100,9.22,IE,2022-10-03 15:50:51
325,Narva-Joesuu,59.4589,28.0408,45.23,85,100,27.58,EE,2022-10-03 15:50:51
326,Koratla,18.8167,78.7167,76.48,75,90,7.47,IN,2022-10-03 15:50:52
327,San Cristobal,7.7669,-72.225,82.58,44,12,7.18,VE,2022-10-03 15:50:52
328,Avera,33.194,-82.5271,64.45,50,20,12.91,US,2022-10-03 15:50:53
329,Moss Vale,-34.55,150.3833,45.34,95,93,3.24,AU,2022-10-03 15:50:53
330,Zdvinsk,54.7021,78.661,34.16,71,1,5.61,RU,2022-10-03 15:50:54
331,Toora-Khem,52.4675,96.11,22.41,52,0,1.7,RU,2022-10-03 15:50:54
332,Taltal,-25.4,-70.4833,61.05,68,21,7.23,CL,2022-10-03 15:50:55
333,Isiro,2.7739,27.616,68.7,96,98,2.73,CD,2022-10-03 15:50:55
334,Elat,29.5581,34.9482,94.84,23,0,5.75,IL,2022-10-03 15:50:56
335,Burnie,-41.0667,145.9167,45.95,70,44,7.96,AU,2022-10-03 15:50:56
336,Kanniyakumari,8.0833,77.5667,79.65,82,64,19.64,IN,2022-10-03 15:50:56
337,Kepno,51.2784,17.9891,52.68,78,59,19.46,PL,2022-10-03 15:50:57
338,Storrs,41.8084,-72.2495,51.73,69,0,18.41,US,2022-10-03 15:48:09
339,Brokopondo,4.75,-55.1667,86.63,57,55,0.96,SR,2022-10-03 15:50:57
340,Villacarrillo,38.1156,-3.0848,81.88,19,42,12.3,ES,2022-10-03 15:50:58
341,Vung Tau,10.346,107.0843,81.39,83,90,15.48,VN,2022-10-03 15:50:58
342,Mahebourg,-20.4081,57.7,72.25,78,75,13.8,MU,2022-10-03 15:50:58
343,San Jeronimo,-11.9472,-75.2829,60.67,44,28,2.64,PE,2022-10-03 15:50:59
344,Kruisfontein,-34.0033,24.7314,62.89,80,78,16.53,ZA,2022-10-03 15:50:59
345,Uarini,-2.99,-65.1083,94.37,45,76,0.36,BR,2022-10-03 15:51:00
346,College,64.8569,-147.8028,40.06,90,100,8.05,US,2022-10-03 15:51:00
347,Zelenoborsk,61.4669,64.0333,46.99,97,93,8.03,RU,2022-10-03 15:51:00
348,Merauke,-8.4667,140.3333,78.76,87,33,12.5,ID,2022-10-03 15:51:01
349,Caceres,39.522,-6.3748,88.11,19,1,6.46,ES,2022-10-03 15:50:02
350,Olkhovka,53.2115,60.6069,45.19,39,72,6.78,RU,2022-10-03 15:51:01
351,Sechura,-5.5569,-80.8222,74.41,58,21,7.47,PE,2022-10-03 15:51:02
352,Biltine,14.5333,20.9167,88.93,38,39,9.1,TD,2022-10-03 15:51:02
353,Baykit,61.67,96.37,26.31,89,57,1.25,RU,2022-10-03 15:51:03
354,Emerald,-23.5333,148.1667,61.34,77,0,14.05,AU,2022-10-03 15:51:03
355,Severo-Yeniseyskiy,60.3725,93.0408,24.42,87,71,3.15,RU,2022-10-03 15:51:04
356,Carnduff,49.1667,-101.8009,54.37,64,100,6.22,CA,2022-10-03 15:51:04
357,Biak,-0.9131,122.8766,76.3,85,71,0.83,ID,2022-10-03 15:51:05
358,Smithers,54.7804,-127.1743,35.92,100,100,0.0,CA,2022-10-03 15:51:05
359,Bossangoa,6.4926,17.4552,77.32,86,39,4.65,CF,2022-10-03 15:51:05
360,Sorong,-0.8833,131.25,79.5,84,100,7.05,ID,2022-10-03 15:51:07
361,Husavik,66.0449,-17.3389,48.76,78,64,3.47,IS,2022-10-03 15:51:08
362,Sur,22.5667,59.5289,80.89,70,0,7.49,OM,2022-10-03 15:51:08
363,Kieta,-6.2167,155.6333,78.39,85,100,5.57,PG,2022-10-03 15:51:09
364,Senanga,-16.1167,23.2667,93.18,7,2,7.14,ZM,2022-10-03 15:51:09
365,Lasa,46.6166,10.7002,70.68,69,28,5.32,IT,2022-10-03 15:51:09
366,Aransas Pass,27.9095,-97.15,81.01,58,0,9.22,US,2022-10-03 15:52:10
367,Westport,41.1415,-73.3579,53.33,69,20,14.0,US,2022-10-03 15:49:57
368,Qaqortoq,60.7167,-46.0333,38.44,50,22,7.31,GL,2022-10-03 15:52:10
369,Alghero,40.5589,8.3181,73.49,73,0,8.05,IT,2022-10-03 15:52:11
370,Seydi,39.4816,62.9137,62.29,12,0,7.9,TM,2022-10-03 15:52:11
371,Wuzhou,23.4833,111.3167,76.1,82,3,0.94,CN,2022-10-03 15:52:12
372,Karratha,-20.7377,116.8463,72.68,65,0,17.47,AU,2022-10-03 15:52:12
373,Lima,-12.0432,-77.0282,68.9,69,100,5.75,PE,2022-10-03 15:48:24
374,Te Anau,-45.4167,167.7167,35.19,87,45,1.95,NZ,2022-10-03 15:52:13
375,Pacific Grove,36.6177,-121.9166,63.01,90,0,5.01,US,2022-10-03 15:52:13
376,Jaguarari,-10.2639,-40.1958,88.95,19,10,9.57,BR,2022-10-03 15:52:14
377,Cidreira,-30.1811,-50.2056,65.68,63,1,13.87,BR,2022-10-03 15:52:15
378,Hualmay,-11.0964,-77.6139,66.52,74,52,10.58,PE,2022-10-03 15:52:17
379,Ginda,30.6945,78.4932,59.04,80,2,7.72,IN,2022-10-03 15:52:17
380,Andapa,-14.65,49.65,61.93,97,34,0.69,MG,2022-10-03 15:52:18
381,Menongue,-14.6585,17.691,93.42,10,75,7.2,AO,2022-10-03 15:52:18
382,Vercelli,45.3231,8.4153,77.99,56,14,3.27,IT,2022-10-03 15:52:18
383,Lydenburg,-25.0978,30.4597,80.4,26,11,2.33,ZA,2022-10-03 15:52:19
384,Ponta Delgada,37.7333,-25.6667,72.32,88,75,12.66,PT,2022-10-03 15:52:19
385,Mongo,12.1844,18.693,87.35,51,17,10.94,TD,2022-10-03 15:52:20
386,Torata,-17.0769,-70.8433,71.87,15,21,9.69,PE,2022-10-03 15:52:21
387,Ust-Maya,60.4167,134.5333,23.61,81,65,5.12,RU,2022-10-03 15:52:21
388,Plouzane,48.3833,-4.6167,62.78,85,100,11.5,FR,2022-10-03 15:52:22
389,Buguruslan,53.6554,52.442,55.09,38,15,13.31,RU,2022-10-03 15:52:22
390,Mocuba,-16.8392,36.9856,80.28,57,0,10.92,MZ,2022-10-03 15:52:23
391,Fortuna,40.5982,-124.1573,55.98,84,3,0.96,US,2022-10-03 15:52:23
392,Beidao,34.5686,105.8933,53.73,71,100,2.35,CN,2022-10-03 15:52:23
393,Ananindeua,-1.3656,-48.3722,87.71,70,75,11.5,BR,2022-10-03 15:52:24
394,Solvychegodsk,61.3305,46.9156,48.27,95,100,8.23,RU,2022-10-03 15:52:24
395,Luzilandia,-3.4578,-42.3703,102.42,22,61,3.33,BR,2022-10-03 15:52:25
396,Magadan,59.5667,150.8,30.2,64,87,6.62,RU,2022-10-03 15:52:25
397,Vaitape,-16.5167,-151.75,78.44,75,5,16.58,PF,2022-10-03 15:52:25
398,Port Lincoln,-34.7333,135.8667,57.22,91,100,18.3,AU,2022-10-03 15:52:26
399,Petropavlovsk-Kamchatskiy,53.0452,158.6483,41.59,93,75,2.24,RU,2022-10-03 15:52:27
400,Zeya,53.75,127.2667,27.43,56,36,6.67,RU,2022-10-03 15:52:27
401,Svetlaya,46.5389,138.3297,56.79,96,100,11.14,RU,2022-10-03 15:52:27
402,Gongzhuling,43.5008,124.8198,36.84,70,54,10.27,CN,2022-10-03 15:52:28
403,Ufimskiy,56.7084,58.0517,48.96,60,96,7.11,RU,2022-10-03 15:52:28
404,Atar,20.5169,-13.0499,96.85,21,100,11.5,MR,2022-10-03 15:52:29
405,Maroantsetra,-15.4333,49.7333,70.25,81,43,7.54,MG,2022-10-03 15:52:29
406,Orlik,52.5178,99.825,21.04,58,11,3.06,RU,2022-10-03 15:52:29
407,Bridlington,54.0831,-0.1919,61.9,61,100,10.89,GB,2022-10-03 15:52:30
408,Konakovo,56.7,36.7667,46.9,78,100,12.97,RU,2022-10-03 15:52:30
409,Nuuk,64.1835,-51.7216,38.88,55,13,1.99,GL,2022-10-03 15:52:31
410,Peniche,39.3558,-9.3811,75.29,73,0,8.3,PT,2022-10-03 15:52:31
411,Norrtalje,59.758,18.705,56.01,85,29,5.35,SE,2022-10-03 15:52:31
412,Diffa,13.3154,12.6113,99.81,19,25,5.06,NE,2022-10-03 15:52:32
413,Buarcos,40.166,-8.8768,84.24,45,1,7.96,PT,2022-10-03 15:53:33
414,Tessalit,20.1986,1.0114,103.41,7,3,18.77,ML,2022-10-03 15:53:34
415,Sibolga,1.7427,98.7792,75.96,89,100,2.62,ID,2022-10-03 15:53:34
416,Urrutia,14.7427,-87.0422,72.61,73,100,3.74,HN,2022-10-03 15:53:34
417,Linares,-35.85,-71.6,61.11,55,100,5.79,CL,2022-10-03 15:53:35
418,Taoudenni,22.6783,-3.9836,109.11,11,16,13.89,ML,2022-10-03 15:53:35
419,Itacarambi,-15.1022,-44.0919,94.1,30,36,5.7,BR,2022-10-03 15:53:36
420,Willmar,45.1219,-95.0433,66.15,42,0,9.22,US,2022-10-03 15:53:36
421,Bilibino,68.0546,166.4372,22.93,87,100,4.12,RU,2022-10-03 15:53:36
422,Zhengjiatun,43.5064,123.5064,39.24,42,6,14.5,CN,2022-10-03 15:53:37
423,Chulman,56.8479,124.9104,20.46,95,98,6.58,RU,2022-10-03 15:53:37
424,Tupik,54.4253,119.9327,23.52,60,74,3.53,RU,2022-10-03 15:53:37
425,Sitka,57.0531,-135.33,44.49,87,40,0.0,US,2022-10-03 15:52:39
426,Aksha,50.2814,113.2867,25.21,73,10,5.82,RU,2022-10-03 15:53:39
427,Nambour,-26.6333,152.95,60.85,96,94,2.13,AU,2022-10-03 15:53:39
428,Milledgeville,33.0801,-83.2321,71.74,49,12,9.48,US,2022-10-03 15:51:18
429,Blind River,46.1834,-82.9582,53.71,48,72,4.94,CA,2022-10-03 15:53:40
430,Ayna,-12.65,-73.9167,70.92,63,83,4.61,PE,2022-10-03 15:53:40
431,Rawa Mazowiecka,51.7644,20.2549,57.54,71,65,15.46,PL,2022-10-03 15:53:41
432,Caernarfon,53.1413,-4.2702,63.63,67,20,19.57,GB,2022-10-03 15:53:41
433,Mehamn,71.0357,27.8492,44.55,87,75,0.0,NO,2022-10-03 15:53:41
434,Katsuura,35.1333,140.3,74.46,71,16,10.56,JP,2022-10-03 15:53:42
435,Sinnamary,5.3833,-52.95,85.68,66,100,5.97,GF,2022-10-03 15:53:42
436,Bonthe,7.5264,-12.505,81.84,74,77,11.1,SL,2022-10-03 15:53:43
437,Pathein,16.7833,94.7333,76.75,94,98,4.94,MM,2022-10-03 15:53:43
438,Pombia,45.653,8.6336,76.98,56,0,5.75,IT,2022-10-03 15:53:44
439,Mildura,-34.2,142.15,60.08,60,100,13.4,AU,2022-10-03 15:53:45
440,Golden,39.7555,-105.2211,63.72,61,40,5.75,US,2022-10-03 15:53:46
441,Chicama,-7.8447,-79.1469,57.74,60,53,8.81,PE,2022-10-03 15:53:46
442,Shache,38.4167,77.2406,54.72,22,97,7.27,CN,2022-10-03 15:53:47
443,Mpongwe,-13.5091,28.155,84.02,14,0,8.23,ZM,2022-10-03 15:53:47
444,Rio Grande,-32.035,-52.0986,66.31,59,0,14.16,BR,2022-10-03 15:53:47
445,Krasnystaw,50.9846,23.1742,52.0,77,100,18.14,PL,2022-10-03 15:53:48
446,Manta,-0.95,-80.7333,74.98,83,100,6.91,EC,2022-10-03 15:53:49
447,Japura,-0.3167,102.35,75.7,95,99,0.81,ID,2022-10-03 15:53:49
448,Maldonado,-34.6667,-54.9167,60.19,55,3,12.59,UY,2022-10-03 15:52:18
449,Kogon,39.7228,64.5517,60.84,39,0,4.61,UZ,2022-10-03 15:53:50
450,Broken Hill,-31.95,141.4333,67.3,34,97,16.28,AU,2022-10-03 15:53:50
451,Palu,-0.8917,119.8707,75.61,96,100,1.52,ID,2022-10-03 15:53:50
452,Novyy Urengoy,66.0833,76.6333,36.5,92,100,21.25,RU,2022-10-03 15:53:51
453,Poum,-20.2333,164.0167,73.04,72,35,24.14,NC,2022-10-03 15:53:51
454,Papara,-3.9839,-38.7273,84.6,27,14,9.84,BR,2022-10-03 15:53:51
455,Varhaug,58.6147,5.6457,57.15,82,99,7.02,NO,2022-10-03 15:53:52
456,Alofi,-19.0595,-169.9187,69.69,88,40,3.44,NU,2022-10-03 15:53:52
457,Sulangan,11.1373,123.7228,84.33,73,100,7.65,PH,2022-10-03 15:53:53
458,Elektrogorsk,55.8794,38.7919,47.16,83,89,14.72,RU,2022-10-03 15:53:53
459,Benguela,-12.5763,13.4055,74.43,74,75,9.71,AO,2022-10-03 15:53:53
460,Kelo,9.3086,15.8066,78.73,81,100,4.45,TD,2022-10-03 15:53:54
461,Honiara,-9.4333,159.95,77.47,89,46,4.68,SB,2022-10-03 15:53:54
462,Marsh Harbour,26.5412,-77.0636,81.12,71,12,10.94,BS,2022-10-03 15:53:54
463,The Valley,18.217,-63.0578,87.1,79,20,13.8,AI,2022-10-03 15:50:06
464,Garden City,42.3256,-83.331,60.93,53,90,1.01,US,2022-10-03 15:54:55
465,La Palma,33.8464,-118.0467,72.9,81,20,1.99,US,2022-10-03 15:54:55
466,Mackay,-21.15,149.2,69.67,75,61,16.13,AU,2022-10-03 15:54:56
467,Cahors,44.4167,1.3333,72.14,46,10,4.21,FR,2022-10-03 15:54:56
468,Zhangye,38.9342,100.4517,50.85,34,20,0.56,CN,2022-10-03 15:54:57
469,Inirida,3.8653,-67.9239,90.73,49,74,1.03,CO,2022-10-03 15:54:37
470,Galeana,24.8333,-100.0667,62.67,47,99,4.7,MX,2022-10-03 15:51:58
471,Leningradskiy,69.3833,178.4167,29.79,93,100,10.8,RU,2022-10-03 15:54:57
472,Luwuk,-0.9516,122.7875,77.4,87,65,1.66,ID,2022-10-03 15:54:58
473,Kewanee,41.2456,-89.9248,60.8,35,15,6.89,US,2022-10-03 15:54:58
474,Cap Malheureux,-19.9842,57.6142,72.46,69,52,7.0,MU,2022-10-03 15:54:59
475,Quilmana,-12.95,-76.3833,70.12,65,58,7.65,PE,2022-10-03 15:54:59
476,Fort William,56.8165,-5.1121,54.3,93,100,5.23,GB,2022-10-03 15:54:59
477,Manzhouli,49.6,117.4333,24.69,35,0,6.78,CN,2022-10-03 15:55:00
478,Tubuala,9.5167,-79.0333,83.48,73,77,5.32,PA,2022-10-03 15:55:00
479,Lagoa,39.05,-27.9833,69.98,83,98,6.51,PT,2022-10-03 15:55:01
480,Souillac,-20.5167,57.5167,71.98,78,75,13.8,MU,2022-10-03 15:55:01
481,Port Macquarie,-31.4333,152.9167,49.89,87,52,5.95,AU,2022-10-03 15:55:01
482,Jianhu,29.9799,120.5712,85.95,79,0,4.54,CN,2022-10-03 15:55:02
483,Kalakamati,-20.5929,27.3121,88.29,10,0,12.01,BW,2022-10-03 15:55:02
484,Birjand,32.8663,59.2211,73.87,16,0,6.91,IR,2022-10-03 15:55:03
485,Ambilobe,-13.2,49.05,72.45,67,22,0.74,MG,2022-10-03 15:55:03
486,Banepa,27.6298,85.5214,68.32,88,75,5.75,NP,2022-10-03 15:55:04
487,Sovetskaya Gavan,48.9723,140.2878,49.82,92,100,15.52,RU,2022-10-03 15:55:05
488,Miri,4.4148,114.0089,78.94,100,40,3.44,MY,2022-10-03 15:55:05
489,Gonzalez,30.5816,-87.2914,76.66,64,1,1.01,US,2022-10-03 15:55:06
490,Alice Springs,-23.7,133.8833,65.75,82,100,2.3,AU,2022-10-03 15:55:06
491,Harwich,51.9419,1.2844,63.59,67,100,8.88,GB,2022-10-03 15:55:06
492,Nalut,30.3333,10.85,86.27,18,81,15.23,LY,2022-10-03 15:55:07
493,Port Augusta,-32.5,137.7667,64.26,56,100,6.22,AU,2022-10-03 15:55:07
494,Inhambane,-23.865,35.3833,78.78,78,0,11.99,MZ,2022-10-03 15:55:08
495,Vradiyivka,47.862,30.5919,54.05,58,34,11.32,UA,2022-10-03 15:55:08
496,Berezovyy,51.6667,135.7,34.56,94,100,4.23,RU,2022-10-03 15:55:09
497,Benjamin Hill,30.1667,-111.1,78.1,46,0,2.46,MX,2022-10-03 15:55:09
498,Oparino,59.8518,48.2783,53.58,94,100,7.58,RU,2022-10-03 15:55:10
499,Karpogory,64.0019,44.4451,39.63,92,97,5.84,RU,2022-10-03 15:55:10
500,Jalu,29.0331,21.5482,85.32,28,0,11.07,LY,2022-10-03 15:55:10
501,Moerai,-22.4333,-151.3333,71.56,75,42,23.8,PF,2022-10-03 15:55:11
502,Ilebo,-4.3167,20.5833,82.26,59,79,1.81,CD,2022-10-03 15:55:12
503,Alpatovo,43.7028,45.2415,66.49,67,100,5.99,RU,2022-10-03 15:55:12
504,Tau,59.0667,5.9,56.82,81,98,1.66,NO,2022-10-03 15:55:13
505,Magdagachi,53.45,125.8,26.92,56,37,9.15,RU,2022-10-03 15:55:14
506,Santa Catarina De Tepehuanes,25.35,-105.7333,55.81,90,100,7.31,MX,2022-10-03 15:55:14
507,Nara,34.6851,135.8049,75.49,58,47,3.24,JP,2022-10-03 15:55:14
508,Xining,36.6167,101.7667,41.77,52,82,3.38,CN,2022-10-03 15:55:15
509,Uralets,57.6614,59.6497,46.63,73,100,9.04,RU,2022-10-03 15:55:15
510,Sao Felix Do Xingu,-6.6447,-51.995,104.54,19,11,3.22,BR,2022-10-03 15:56:16
511,Barquisimeto,10.0739,-69.3228,87.39,44,30,10.92,VE,2022-10-03 15:56:16
512,Eresos,39.1667,25.9333,74.89,61,0,15.37,GR,2022-10-03 15:56:17
513,Shingu,33.7333,135.9833,68.94,83,5,3.94,JP,2022-10-03 15:56:17
514,Gornopravdinsk,60.05,69.9,43.09,86,100,12.73,RU,2022-10-03 15:56:17
515,Javanrud,34.7961,46.5172,66.83,23,0,5.19,IR,2022-10-03 15:56:18
516,Comarapa,-17.9,-64.4833,61.5,73,93,4.72,BO,2022-10-03 15:56:19
517,Aklavik,68.2191,-135.0107,21.45,95,95,1.95,CA,2022-10-03 15:56:19
518,Pangnirtung,66.1451,-65.7125,32.0,69,100,0.0,CA,2022-10-03 15:56:20
519,Mahajanga,-15.7167,46.3167,77.02,69,0,11.5,MG,2022-10-03 15:56:20
520,Segezha,63.7415,34.3222,42.01,75,100,12.44,RU,2022-10-03 15:52:23
521,Rosetta,31.4044,30.4164,77.05,59,0,16.55,EG,2022-10-03 15:56:21
522,Jimeta,9.2833,12.4667,86.11,67,100,7.07,NG,2022-10-03 15:56:21
523,Zalaegerszeg,46.84,16.8439,60.39,65,11,10.76,HU,2022-10-03 15:56:22
524,Fujin,47.26,132.0322,36.45,65,100,13.78,CN,2022-10-03 15:56:22
525,Labuhan,-6.8844,112.2051,77.5,88,97,10.76,ID,2022-10-03 15:56:23
526,Bac Lieu,9.285,105.7244,79.61,86,100,8.66,VN,2022-10-03 15:56:23
527,Umm Lajj,25.0213,37.2685,84.6,68,0,3.13,SA,2022-10-03 15:56:24
528,Ust-Tarka,55.5672,75.705,35.37,56,25,4.27,RU,2022-10-03 15:56:24
529,Cabra,37.4725,-4.4421,84.54,21,74,11.41,ES,2022-10-03 15:56:25
530,Shirochanka,46.6497,38.3978,61.2,62,51,8.77,RU,2022-10-03 15:56:25
531,Saint Anthony,45.0205,-93.218,66.78,68,98,4.0,US,2022-10-03 15:56:25
532,Kletskaya,49.3145,43.0584,60.12,51,60,4.85,RU,2022-10-03 15:56:26
533,Tripoli,32.8752,13.1875,77.72,64,89,10.42,LY,2022-10-03 15:56:26
534,Helong,42.5397,128.9972,45.72,93,100,6.96,CN,2022-10-03 15:56:27
535,Barentu,15.1139,37.5928,76.06,57,94,6.62,ER,2022-10-03 15:56:28
536,Karabuk,41.2049,32.6277,60.35,86,23,4.05,TR,2022-10-03 15:56:28
537,Anadyr,64.75,177.4833,30.7,86,75,4.47,RU,2022-10-03 15:56:29
538,Bambanglipuro,-7.95,110.2833,76.96,86,67,6.49,ID,2022-10-03 15:56:29
539,Lewistown,40.5992,-77.5714,53.73,66,0,6.91,US,2022-10-03 15:56:30
540,Eleusis,38.0476,23.5349,78.78,56,20,9.22,GR,2022-10-03 15:56:30
541,Vao,-22.6667,167.4833,69.31,68,100,15.48,NC,2022-10-03 15:56:31
542,Ekhabi,53.5102,142.9671,39.29,90,100,10.69,RU,2022-10-03 15:56:31
543,Stromness,58.965,-3.296,55.36,84,100,18.01,GB,2022-10-03 15:56:31
544,Nouadhibou,20.931,-17.0347,87.78,42,59,4.61,MR,2022-10-03 15:56:32
545,Marigot,18.0667,-63.0833,87.04,73,20,13.8,MF,2022-10-03 15:56:32
546,Malindi,-3.2175,40.1191,74.8,78,60,13.89,KE,2022-10-03 15:56:33
547,Altamira,-3.2033,-52.2064,87.89,74,75,5.75,BR,2022-10-03 15:56:33
548,Nixa,37.0434,-93.2944,71.89,56,0,5.01,US,2022-10-03 15:56:34
549,Aykhal,66.0,111.5,10.27,99,97,3.53,RU,2022-10-03 15:56:34
550,Vrangel,42.7297,133.0839,59.67,94,100,10.25,RU,2022-10-03 15:56:34
551,Harlingen,26.1906,-97.6961,85.91,78,95,6.71,US,2022-10-03 15:57:35
552,Lorient,47.8333,-3.25,64.67,84,100,5.75,FR,2022-10-03 15:57:35
553,Novorudnyy,51.5026,58.1873,44.28,42,13,7.34,RU,2022-10-03 15:57:35
554,Rolla,37.9514,-91.7713,73.24,50,0,3.0,US,2022-10-03 15:57:36
555,Mookane,-23.688,26.6595,91.47,13,0,6.04,BW,2022-10-03 15:57:36
556,Sanmenxia,34.7747,111.1814,60.48,92,100,5.86,CN,2022-10-03 15:57:37
557,Whitehorse,60.7161,-135.0538,41.77,75,75,16.11,CA,2022-10-03 15:57:37
558,Yubari,43.0378,141.9578,64.9,89,100,7.36,JP,2022-10-03 15:57:37
559,Yabelo,4.8833,38.0833,69.21,44,79,5.06,ET,2022-10-03 15:57:38
560,Lethem,3.3803,-59.7968,86.05,70,40,11.5,GY,2022-10-03 15:57:38
561,Cayenne,4.9333,-52.3333,91.44,55,40,6.91,GF,2022-10-03 15:57:39
562,Byron Bay,-28.65,153.6167,51.94,78,82,1.59,AU,2022-10-03 15:54:32
563,Cooma,-36.2333,149.1333,43.3,95,93,2.24,AU,2022-10-03 15:57:39
564,Kilinochchi,9.3961,80.3982,81.1,73,100,11.52,LK,2022-10-03 15:57:40
565,Wonthaggi,-38.6044,145.5913,49.82,88,91,5.55,AU,2022-10-03 15:57:40
566,Tsaratanana,-16.7833,47.65,78.04,35,5,7.05,MG,2022-10-03 15:57:40
567,Maniitsoq,65.4167,-52.9,35.15,58,39,2.37,GL,2022-10-03 15:57:41
568,Paamiut,61.994,-49.6678,35.94,47,1,8.88,GL,2022-10-03 15:57:41
569,Unity,52.4501,-109.1682,52.25,55,83,9.71,CA,2022-10-03 15:57:42
570,Eyl,7.9803,49.8164,77.61,79,47,17.0,SO,2022-10-03 15:57:42
571,Rawlins,41.7911,-107.2387,54.36,64,3,13.58,US,2022-10-03 15:57:13
572,Khani,41.9563,42.9566,56.77,93,78,3.42,GE,2022-10-03 15:57:42
573,Presidente Prudente,-22.1256,-51.3889,74.75,73,20,10.36,BR,2022-10-03 15:53:41
574,Krasnyy Chikoy,50.3643,108.7512,22.8,79,12,2.24,RU,2022-10-03 15:57:43
575,Rosendal,59.9867,6.0135,61.11,83,99,0.02,NO,2022-10-03 15:57:43
576,Rawson,-43.3002,-65.1023,58.15,53,100,26.49,AR,2022-10-03 15:57:43
577,Monte Patria,-30.6919,-70.9467,70.54,50,14,4.9,CL,2022-10-03 15:57:44
578,Kaeo,-35.1,173.7833,49.32,93,15,4.7,NZ,2022-10-03 15:57:45
579,Svetlogorsk,52.6333,29.7333,39.67,97,100,15.37,BY,2022-10-03 15:57:45
580,Cholet,47.1667,-1.0,69.04,48,36,4.07,FR,2022-10-03 15:57:46
